Person_ID,Mind_State,Timestamp,Delta,Theta,Low_Alpha,High_Alpha,Low_Beta,High_Beta,Low_Gamma,Mid_Gamma
2,focus,2026-03-30 20:47:50,589012,8745,5699,2472,1413,1199,2470,913
2,focus,2026-03-30 20:47:51,463951,68723,22056,6329,7839,10520,5835,4870
2,focus,2026-03-30 20:47:52,579575,34512,7035,8662,13954,6197,14869,2495
2,focus,2026-03-30 20:47:53,257457,91691,42976,5693,7518,7567,3143,2411
2,focus,2026-03-30 20:47:54,294354,75559,12863,4163,2339,3462,2756,3481
2,focus,2026-03-30 20:47:55,65569,15239,3388,912,2211,2041,980,480
2,focus,2026-03-30 20:47:56,805325,154667,131662,66550,24597,34754,33792,35561
2,focus,2026-03-30 20:47:57,472591,35002,7235,7697,8808,11414,3177,2111
2,focus,2026-03-30 20:47:58,196823,93098,37503,5128,6222,4836,2640,1949
2,focus,2026-03-30 20:47:59,1365264,317861,32567,49495,48431,17228,20456,8673
2,focus,2026-03-30 20:48:00,452025,88939,29175,4323,11208,13260,4193,1887
2,focus,2026-03-30 20:48:00,123198,49038,8646,3946,1361,3732,1998,408
2,focus,2026-03-30 20:48:01,269730,161923,9946,14925,17953,12290,8261,3111
2,focus,2026-03-30 20:48:02,1318161,121578,57502,8428,7834,24529,5906,6522
2,focus,2026-03-30 20:48:04,781873,28189,4427,1166,14933,10935,8988,3321
2,focus,2026-03-30 20:48:04,2496881,475786,25718,19572,38801,61869,18750,8264
2,focus,2026-03-30 20:48:05,559796,149383,35295,32632,28892,13571,22870,5256
2,focus,2026-03-30 20:48:06,492816,132035,9807,11196,8023,4634,8184,3479
2,focus,2026-03-30 20:48:07,2194465,651939,29366,74243,54600,42268,36493,9695
2,focus,2026-03-30 20:48:08,728481,190241,114021,25380,57939,47160,40946,23719
2,focus,2026-03-30 20:48:09,1378861,1085949,12628,28988,8294,40419,19566,19118
2,focus,2026-03-30 20:48:10,1549393,194353,30513,71082,16098,28322,17279,17376
2,focus,2026-03-30 20:48:11,848758,269628,125915,50786,36260,36063,20263,3960
2,focus,2026-03-30 20:48:12,1700696,166982,18184,33490,45164,24540,11168,3406
2,focus,2026-03-30 20:48:13,2501491,288241,42238,20341,35508,37761,28340,11380
2,focus,2026-03-30 20:48:14,582286,199973,44573,29366,8182,7075,10068,2014
2,focus,2026-03-30 20:48:15,189624,191722,20393,13966,14186,6218,7826,2849
2,focus,2026-03-30 20:48:16,1220069,118109,25512,10191,8144,7677,3625,7004
2,focus,2026-03-30 20:48:17,66697,25176,1280,4279,3337,1704,1216,1049
2,focus,2026-03-30 20:48:18,690139,670701,105346,53361,12710,27500,39142,10816
2,focus,2026-03-30 20:48:19,478290,93183,5836,14662,25352,16739,5846,2095
2,focus,2026-03-30 20:48:20,576998,202608,33088,58287,14209,33480,11917,5751
2,focus,2026-03-30 20:48:21,463810,92527,2238,2830,1739,2439,1346,902
2,focus,2026-03-30 20:48:22,1648962,143007,169957,75964,37949,29752,28951,13263
2,focus,2026-03-30 20:48:23,514375,51552,68731,10636,12460,20454,25359,4527
2,focus,2026-03-30 20:48:24,582289,27493,6892,10028,10818,16041,6600,4986
2,focus,2026-03-30 20:48:25,1006118,153842,7107,7030,7207,5544,3936,2441
2,focus,2026-03-30 20:48:26,1311607,751058,35541,91649,44573,32173,19077,15135
2,focus,2026-03-30 20:48:27,769373,241893,59586,20787,16648,36753,7664,15189
2,focus,2026-03-30 20:48:28,3288369,336700,131135,39059,11159,42451,26441,12265
2,focus,2026-03-30 20:48:29,839423,128751,8371,15223,13089,11563,9227,3448
2,focus,2026-03-30 20:48:30,1023914,82742,6042,2191,5208,8176,4794,6620
2,focus,2026-03-30 20:48:31,2825830,374849,69969,9484,21402,26821,9371,11144
2,focus,2026-03-30 20:48:32,2210050,814443,33986,12340,25010,41623,11564,13828
2,focus,2026-03-30 20:48:33,823220,35323,11310,4849,4366,5474,4902,3032
2,focus,2026-03-30 20:48:34,2500745,172393,49817,13418,16577,16425,7002,3067
2,focus,2026-03-30 20:48:35,703238,94500,16526,4763,4793,6821,5311,9765
2,focus,2026-03-30 20:48:36,1031755,1076846,146973,61689,27073,48756,26236,13660
2,focus,2026-03-30 20:48:37,258285,130190,8981,47525,2638,8591,7839,1660
2,focus,2026-03-30 20:48:38,45753,10461,1850,2795,5333,2184,2164,1225
2,focus,2026-03-30 20:48:39,1438565,134412,42707,47151,26551,39947,18711,10192
2,focus,2026-03-30 20:48:40,531047,405731,25160,53241,51477,58690,19796,13267
2,focus,2026-03-30 20:48:41,1208950,627222,216774,34981,40276,23440,29737,16519
2,focus,2026-03-30 20:48:42,680989,34675,55572,15239,7178,14404,4978,3860
2,focus,2026-03-30 20:48:43,448973,110354,20707,23476,6628,6213,5986,4246
2,focus,2026-03-30 20:48:44,1510085,64183,62021,17068,15329,12699,5186,3889
2,focus,2026-03-30 20:48:45,566942,67600,4726,4847,6632,9086,8774,6955
2,focus,2026-03-30 20:48:46,715625,166861,29583,14397,9275,18776,2938,7213
2,focus,2026-03-30 20:48:47,210950,82124,27629,20395,3353,7399,6222,2657
2,focus,2026-03-30 20:48:48,458019,149056,51595,91401,17383,38767,28952,7313
2,focus,2026-03-30 20:48:49,753371,1214387,52132,34176,19445,26118,20867,18888
2,focus,2026-03-30 20:48:50,1219599,378266,80637,14573,24775,19838,13414,11260
2,focus,2026-03-30 20:48:51,1129813,88281,24626,12599,6066,11676,5072,1881
2,focus,2026-03-30 20:48:52,1001269,29903,11420,9067,5487,12214,12252,6347
2,focus,2026-03-30 20:48:53,1689166,205649,46666,37579,18179,34453,53459,5978
2,focus,2026-03-30 20:48:54,911310,441664,37786,40266,36873,38707,14946,20916
2,focus,2026-03-30 20:48:55,1601725,84586,20513,7746,14303,9070,13957,1289
2,focus,2026-03-30 20:48:56,981292,57130,26246,20575,6968,8401,8180,2629
2,focus,2026-03-30 20:48:57,122277,18548,3989,3188,4284,972,2096,613
2,focus,2026-03-30 20:48:58,505851,58932,24008,39306,5415,6419,6107,6969
2,focus,2026-03-30 20:48:59,1631451,542087,183673,63870,34562,33761,51319,22304
2,focus,2026-03-30 20:49:00,868232,144462,14401,12051,1021,9335,6979,2725
2,focus,2026-03-30 20:49:01,996793,100661,12799,4350,8981,11442,5146,2974
2,focus,2026-03-30 20:49:02,1151187,254817,11783,6424,5552,8884,10029,3058
2,focus,2026-03-30 20:49:03,1165419,124091,5371,24555,10992,9570,6190,3759
2,focus,2026-03-30 20:49:04,1051206,107070,34287,18221,14868,8668,5400,3745
2,focus,2026-03-30 20:49:05,232054,90992,23912,9112,11965,11941,9758,8027
2,focus,2026-03-30 20:49:06,263726,24938,4347,2347,4556,3269,2542,1498
2,focus,2026-03-30 20:49:07,1343511,26847,9752,2250,9495,9400,6144,2376
2,focus,2026-03-30 20:49:08,298696,18689,10202,4434,2531,2859,1198,472
2,focus,2026-03-30 20:49:09,1773918,710738,22959,117525,26054,45494,31718,9822
2,focus,2026-03-30 20:49:10,804521,84245,37072,8853,22476,11225,11365,5755
2,focus,2026-03-30 20:49:11,1442966,329935,69039,154851,211542,42936,48992,16344
2,focus,2026-03-30 20:49:12,1671901,1092540,18388,25074,88214,27412,48964,8857
2,focus,2026-03-30 20:49:13,572451,245313,65538,70021,48251,43743,31608,23179
2,focus,2026-03-30 20:49:14,805658,34865,66831,10794,5687,5666,8815,6659
2,focus,2026-03-30 20:49:15,335634,148921,66870,9922,12804,6263,5620,5290
2,focus,2026-03-30 20:49:16,1282712,1105153,74345,92909,43236,65670,22444,23880
2,focus,2026-03-30 20:49:17,388448,99476,28129,17751,5523,15585,5639,9878
2,focus,2026-03-30 20:49:18,1978428,408248,128744,15169,36110,38626,17362,19059
2,focus,2026-03-30 20:49:19,620334,728673,33402,25507,12567,31409,30886,18047
2,focus,2026-03-30 20:49:20,897374,199431,1850,15160,5973,6280,3074,2953
2,focus,2026-03-30 20:49:21,911157,154290,40348,11502,11283,7562,8238,7145
2,focus,2026-03-30 20:49:22,658177,126330,47431,41731,15776,16361,11399,1639
2,focus,2026-03-30 20:49:23,749532,44910,21805,18680,8112,7805,6107,5629
2,focus,2026-03-30 20:49:24,418853,119520,63503,18515,10358,6952,8163,3541
2,focus,2026-03-30 20:49:25,1256711,332636,105357,16815,26182,35747,15898,12397
2,focus,2026-03-30 20:49:26,319859,100102,10255,9063,10697,2743,5557,3032
2,focus,2026-03-30 20:49:27,966845,25013,7858,7366,6120,5520,6606,6253
2,focus,2026-03-30 20:49:28,599744,104171,11330,14214,3219,5330,8638,1352
2,focus,2026-03-30 20:49:29,1429456,444726,184936,39207,20201,36663,33609,21594
2,focus,2026-03-30 20:49:30,642974,126391,14232,29640,3928,8140,4371,1865
2,focus,2026-03-30 20:49:31,204182,91640,7126,12968,6339,6878,4839,3308
2,focus,2026-03-30 20:49:32,505909,575883,97033,34770,19692,20949,38401,13416
2,focus,2026-03-30 20:49:33,631699,304073,39652,91180,69483,36648,37544,23564
2,focus,2026-03-30 20:49:34,1397030,899660,10349,48865,68355,41732,22554,11910
2,focus,2026-03-30 20:49:35,1400112,34520,3388,3926,1403,2467,2425,4358
2,focus,2026-03-30 20:49:36,1270965,288640,36560,40929,15709,26814,29254,9567
2,focus,2026-03-30 20:49:37,327383,92381,2542,12317,5872,4933,2652,3903
2,focus,2026-03-30 20:49:38,801192,54477,71065,1850,11453,7921,7460,6652
2,focus,2026-03-30 20:49:39,2771886,301924,271256,125216,217894,205994,114609,47809
2,focus,2026-03-30 20:49:40,120338,35078,1907,3761,1631,2270,2242,884
2,focus,2026-03-30 20:49:41,673604,48607,43016,12036,31133,7676,5857,4472
2,focus,2026-03-30 20:49:42,881918,120315,18281,17953,3531,7348,9964,2792
2,focus,2026-03-30 20:49:43,318768,102485,12426,15137,4960,6608,4921,2523
2,focus,2026-03-30 20:49:44,499338,17321,14822,3932,2134,3235,2330,1613
2,focus,2026-03-30 20:49:45,101633,37621,3510,4063,917,3584,1592,451
2,focus,2026-03-30 20:49:46,893592,129248,13466,29930,11264,10577,5849,8080
2,focus,2026-03-30 20:49:47,105333,31187,2253,8614,4938,1965,2408,1228
2,focus,2026-03-30 20:49:48,205779,75298,15672,8448,5679,6388,6082,3661
2,focus,2026-03-30 20:49:49,134833,131354,25749,5909,21342,9130,5345,3220
2,focus,2026-03-30 20:49:50,433233,47517,12347,6910,2691,6027,7331,3601
2,focus,2026-03-30 20:49:51,219155,59672,29298,5415,17383,9981,5405,4350
2,focus,2026-03-30 20:49:52,377360,139248,19267,16797,9305,7606,8322,3972
2,focus,2026-03-30 20:49:53,2113050,280556,60981,20528,7330,21120,9980,8538
2,focus,2026-03-30 20:49:54,557708,156458,8826,10878,6441,6504,5283,2402
2,focus,2026-03-30 20:49:55,1826735,207655,7954,16787,14221,11632,7765,2614
2,focus,2026-03-30 20:49:56,2627001,1120419,80318,106032,25662,41120,26663,14424
2,focus,2026-03-30 20:49:57,1028995,101168,42315,18983,3091,11666,8157,8150
2,focus,2026-03-30 20:49:58,312487,156836,12151,18375,12015,4961,3915,4138
2,focus,2026-03-30 20:49:59,742007,58404,7756,20783,7860,4052,6220,2988
2,focus,2026-03-30 20:50:00,1451667,89826,11994,12041,23865,8842,6150,3550
2,focus,2026-03-30 20:50:01,532377,157984,13699,19868,18244,10179,9813,3699
2,focus,2026-03-30 20:50:02,927109,32598,7640,6282,5252,3547,2073,1461
2,focus,2026-03-30 20:50:03,1043038,125334,45375,21272,13956,5354,4318,6849
2,focus,2026-03-30 20:50:04,1124449,32787,16688,22653,8116,5299,7956,3630
2,focus,2026-03-30 20:50:05,1187444,124336,8049,7867,12934,16284,4829,22768
2,focus,2026-03-30 20:50:06,178124,92570,7976,4882,4771,1546,1274,870
2,focus,2026-03-30 20:50:07,2479879,520387,3962,42041,26141,53881,15146,9387
2,focus,2026-03-30 20:50:08,389202,49791,9765,1942,7321,1982,2868,2204
2,focus,2026-03-30 20:50:09,78069,90543,1709,2963,5108,4203,1505,1103
2,focus,2026-03-30 20:50:10,396704,366926,87160,50733,31994,35759,44146,9775
2,focus,2026-03-30 20:50:11,177487,116806,6572,21026,7180,5687,8734,3227
2,focus,2026-03-30 20:50:12,278060,13589,10067,2635,2441,2219,2980,900
2,focus,2026-03-30 20:50:13,236387,92893,8062,3881,4365,4921,6985,2988
2,focus,2026-03-30 20:50:14,2288609,948204,64730,24838,37406,22043,24330,13324
2,focus,2026-03-30 20:50:15,2298614,545339,55026,24091,49579,27874,46773,23977
2,focus,2026-03-30 20:50:16,145725,51576,12651,6062,4126,1579,1348,954
2,focus,2026-03-30 20:50:17,382948,40677,1050,5714,2402,3390,3120,639
2,focus,2026-03-30 20:50:18,752636,336691,74890,90041,52488,57667,10308,3413
2,focus,2026-03-30 20:50:19,1690555,618411,32003,24042,23804,6641,3760,4042
2,focus,2026-03-30 20:50:20,2028500,1031657,66183,82233,72824,26714,21221,17963
2,focus,2026-03-30 20:50:21,1890856,330843,89534,57707,26774,35309,61049,41935
2,focus,2026-03-30 20:50:22,958741,258548,13482,11648,13328,8619,12104,5770
2,focus,2026-03-30 20:50:23,2096230,38443,8699,3261,6907,8213,16931,6317
2,focus,2026-03-30 20:50:24,841427,332691,32922,10653,14884,7260,3666,8537
2,focus,2026-03-30 20:50:25,246729,91540,10794,5527,11645,9925,10863,4301
2,focus,2026-03-30 20:50:26,1584025,50300,15838,23768,7418,5780,9167,3701
2,focus,2026-03-30 20:50:27,96596,131829,18870,13403,6635,12450,10987,4164
2,focus,2026-03-30 20:50:28,1267215,310369,16732,27896,15115,17813,2635,3195
2,focus,2026-03-30 20:50:29,1143085,31577,26083,4968,5800,6306,8551,7481
2,focus,2026-03-30 20:50:30,1801284,65085,47250,12137,13028,5101,12340,1866
2,focus,2026-03-30 20:50:31,193073,95269,16044,1374,8152,10681,5777,1706
2,focus,2026-03-30 20:50:32,711860,86361,40248,10859,7487,9185,20141,6619
2,focus,2026-03-30 20:50:33,1461312,72753,5631,8759,12080,13784,3461,6512
2,focus,2026-03-30 20:50:34,231860,68477,67580,25751,12459,15432,7788,5333
2,focus,2026-03-30 20:50:35,876287,113250,37830,15885,12304,10692,12994,8490
2,focus,2026-03-30 20:50:36,841834,40906,21124,5880,8203,10130,4638,10662
2,focus,2026-03-30 20:50:37,996820,115320,25633,29628,12415,22322,14430,17041
2,focus,2026-03-30 20:50:38,1607808,174530,17186,50529,23063,51706,16590,13340
2,focus,2026-03-30 20:50:39,2463961,181381,26009,15181,21244,23542,35837,9438
2,focus,2026-03-30 20:50:40,882523,54260,40015,15414,19494,24232,33645,9922
2,focus,2026-03-30 20:50:41,691133,27504,3442,10525,4047,9426,10079,4366
2,focus,2026-03-30 20:50:42,957123,386297,115743,29056,47472,28781,39556,24447
2,focus,2026-03-30 20:50:43,242935,80855,10260,2464,10148,12457,10028,2301
2,focus,2026-03-30 20:50:44,1062829,110271,70568,12231,11281,19655,11250,4034
2,focus,2026-03-30 20:50:45,1542713,124058,11839,18626,21350,42416,20760,14094
2,focus,2026-03-30 20:50:46,1246704,49006,27072,8213,6354,21691,7881,5775
2,focus,2026-03-30 20:50:47,2289864,506909,87320,25829,13842,27102,34352,13016
2,focus,2026-03-30 20:50:48,465865,75370,35285,14024,5181,16039,4137,5329
2,focus,2026-03-30 20:50:49,318901,166984,25459,13954,23692,13328,7220,3067
2,focus,2026-03-30 20:50:50,694340,78756,21078,5022,15381,7219,8420,4190
2,focus,2026-03-30 20:50:51,446539,144107,13309,29372,12553,16375,9727,4452
2,focus,2026-03-30 20:50:52,1567124,38977,28008,8103,11902,5812,13924,2521
2,focus,2026-03-30 20:50:53,2703516,243892,8510,29214,12550,15951,21978,11537
2,focus,2026-03-30 20:50:54,1207173,319733,60261,11327,22714,26088,15632,16979
2,focus,2026-03-30 20:50:55,426543,117926,2328,8864,10308,17677,8558,1770
2,focus,2026-03-30 20:50:56,947886,1364939,60376,74188,73178,67464,34055,8469
2,focus,2026-03-30 20:50:57,1016373,391831,23916,46112,27950,26613,25464,11381
2,focus,2026-03-30 20:50:58,493640,92498,40668,16403,9964,21728,9376,6023
2,focus,2026-03-30 20:50:59,924277,140413,11981,13085,8298,16436,5078,6524
2,focus,2026-03-30 20:51:00,2937699,108479,63150,19542,18862,16753,29200,17730
2,focus,2026-03-30 20:51:01,628864,142863,21812,2769,4167,5656,7842,5380
2,focus,2026-03-30 20:51:02,780930,516325,69426,30912,19068,40939,33903,12221
2,focus,2026-03-30 20:51:03,457842,172191,57646,11090,24317,41287,42686,18933
2,focus,2026-03-30 20:51:04,2301670,459279,41705,96567,12750,45217,39530,7597
2,focus,2026-03-30 20:51:04,553204,49283,6564,27920,8517,8273,12975,1072
2,focus,2026-03-30 20:51:05,437343,222417,21058,18493,5025,7972,17240,3562
2,focus,2026-03-30 20:51:07,175256,147323,144719,19270,96043,25153,32219,17255
2,focus,2026-03-30 20:51:07,671144,331877,23716,3419,4831,17543,9789,4220
2,focus,2026-03-30 20:51:08,1636240,412256,149447,68187,61151,42336,50630,22429
2,focus,2026-03-30 20:51:09,482025,447696,177933,26344,8261,42268,24456,14175
2,focus,2026-03-30 20:51:10,987345,131433,4617,19731,21438,21889,4972,3071
2,focus,2026-03-30 20:51:11,1082686,21422,4380,4430,2303,4153,2360,810
2,focus,2026-03-30 20:51:12,1575501,105067,17926,14306,6920,10804,5657,6855
2,focus,2026-03-30 20:51:13,124668,45540,35260,6611,2112,2451,1654,3310
2,focus,2026-03-30 20:51:14,1121573,237032,82355,4626,26764,23607,11139,6805
2,focus,2026-03-30 20:51:15,184208,7825,3522,2964,2568,1168,2405,759
2,focus,2026-03-30 20:51:16,1351710,92373,112937,51245,34183,37349,53591,12331
2,focus,2026-03-30 20:51:17,1587575,24228,12468,4080,5617,13040,2177,3179
2,focus,2026-03-30 20:51:18,974184,34394,9202,12414,6615,5671,7519,1622
2,focus,2026-03-30 20:51:19,1421182,158952,19535,6705,9735,9233,3508,3705
2,focus,2026-03-30 20:51:20,166486,15358,13100,831,3951,3832,1399,1112
2,focus,2026-03-30 20:51:21,639521,100306,4453,16112,4496,9272,4037,5794
2,focus,2026-03-30 20:51:22,796240,88310,19652,14255,9818,10793,8556,7967
2,focus,2026-03-30 20:51:23,1592364,644002,27270,40234,28287,24577,11731,11244
2,focus,2026-03-30 20:51:24,1330970,159299,96352,12567,7196,5415,9246,4130
2,focus,2026-03-30 20:51:25,1939852,50492,15905,7015,11145,8718,14143,2450
2,focus,2026-03-30 20:51:26,1083986,271154,67730,9711,19730,28249,32063,9695
2,focus,2026-03-30 20:51:27,522731,167198,26833,6641,2444,12298,10307,1600
2,focus,2026-03-30 20:51:28,2232837,60147,54476,12541,13589,16468,7342,2829
2,focus,2026-03-30 20:51:29,245804,310439,6267,12219,9264,19232,4697,6081
2,focus,2026-03-30 20:51:30,861496,266774,19229,8021,4759,15265,11017,5612
2,focus,2026-03-30 20:51:31,631602,178439,5689,7951,10007,4173,13475,5301
2,focus,2026-03-30 20:51:32,1382268,116337,47808,16663,14817,14135,10930,4457
2,focus,2026-03-30 20:51:33,210350,95367,8893,2215,8167,6388,6521,2590
2,focus,2026-03-30 20:51:34,752459,227723,484,19089,4847,9589,7486,4269
2,focus,2026-03-30 20:51:35,399572,126311,20597,5073,11638,10331,6217,1639
2,focus,2026-03-30 20:51:36,608795,38237,12457,17961,8039,10722,7405,2445
2,focus,2026-03-30 20:51:37,367959,82063,28617,14608,15449,20587,16649,9442
2,focus,2026-03-30 20:51:38,496121,48464,7435,8044,8393,7367,1998,877
2,focus,2026-03-30 20:51:39,570128,1522311,94047,16759,82385,46937,20571,10921
2,focus,2026-03-30 20:51:40,2510860,602271,87078,97519,18115,40897,24332,17509
2,focus,2026-03-30 20:51:41,655453,121542,19403,34877,7056,12614,6495,6238
2,focus,2026-03-30 20:51:42,119336,217537,41009,32146,7114,7508,5249,6564
2,focus,2026-03-30 20:51:43,849721,93190,14333,8178,4311,8456,5408,6408
2,focus,2026-03-30 20:51:44,51955,44813,1758,2848,2358,3411,2824,1237
2,focus,2026-03-30 20:51:45,2001803,189753,17206,23259,11624,14417,10782,8026
2,focus,2026-03-30 20:51:46,376675,737308,205375,10984,73298,54671,25510,10066
2,focus,2026-03-30 20:51:47,149105,45702,828,1076,2666,5360,1984,518
2,focus,2026-03-30 20:51:48,450189,130730,7703,2022,13078,12454,8078,7011
2,focus,2026-03-30 20:51:49,148039,169324,3669,14248,8615,4865,5372,10428
2,focus,2026-03-30 20:51:50,1120069,148669,38863,24865,25625,22063,36477,16243
2,focus,2026-03-30 20:51:51,45949,14546,939,895,2797,3461,1131,929
2,focus,2026-03-30 20:51:52,1960580,693185,54930,58781,40355,40405,32205,27999
2,focus,2026-03-30 20:51:53,777915,107515,12009,25553,2559,6006,8370,18681
2,focus,2026-03-30 20:51:54,1622430,58067,7647,7905,3569,9109,5388,6248
2,focus,2026-03-30 20:51:55,968457,630924,363960,33330,100557,48589,19607,15605
2,focus,2026-03-30 20:51:56,1160027,141988,12536,10725,13894,12707,5348,2254
2,focus,2026-03-30 20:51:57,1981249,86390,2339,3288,7956,11496,5101,3245
2,focus,2026-03-30 20:51:58,653683,667944,244534,60091,28293,31625,34509,16534
2,focus,2026-03-30 20:51:59,1149915,280195,67908,26683,34410,29763,48806,11000
2,focus,2026-03-30 20:52:00,210255,112874,13472,16114,7423,13659,5556,3950
2,focus,2026-03-30 20:52:01,1065630,214792,8971,24440,8094,20076,12976,4081
2,focus,2026-03-30 20:52:02,1041452,42249,17499,9530,13166,14925,15796,1051
2,focus,2026-03-30 20:52:03,74866,11133,12878,1154,2645,2144,1959,1549
2,focus,2026-03-30 20:52:04,2891986,169885,232773,70167,56623,34055,21756,17809
2,focus,2026-03-30 20:52:05,175374,37199,8537,12899,41145,32097,19003,3272
2,focus,2026-03-30 20:52:06,2641244,1035508,204341,16548,111879,108223,74331,6846
2,focus,2026-03-30 20:52:07,108398,18903,6190,4415,2461,2854,2002,1637
2,focus,2026-03-30 20:52:08,133781,57831,3554,12051,6276,12896,8820,7684
2,focus,2026-03-30 20:52:09,758577,12760,2362,3496,4293,4801,2050,1892
2,focus,2026-03-30 20:52:10,1066571,260688,14683,14600,14841,39643,35269,21111
2,focus,2026-03-30 20:52:11,488904,23787,42082,3977,12444,9565,9056,3348
2,focus,2026-03-30 20:52:12,804471,688115,25863,28711,85111,33495,60268,9194
2,focus,2026-03-30 20:52:13,956483,90265,12123,6969,8221,10238,7028,7347
2,focus,2026-03-30 20:52:14,800810,136099,21645,19037,8304,9122,10831,2358
2,focus,2026-03-30 20:52:15,1028011,473198,284876,49940,30835,24134,41009,34384
2,focus,2026-03-30 20:52:16,112316,96781,21255,11159,6728,11456,6589,3653
2,focus,2026-03-30 20:52:17,241712,46026,9789,2151,2642,3677,1928,938
2,focus,2026-03-30 20:52:18,538452,49790,28441,20271,11970,18791,7066,4382
2,focus,2026-03-30 20:52:19,205806,77770,17340,8205,5744,6858,10058,2708
2,focus,2026-03-30 20:52:20,88295,25294,11789,1657,7580,4032,8875,3192
2,focus,2026-03-30 20:52:21,1304148,257225,19044,17417,28790,44917,22740,18829
2,focus,2026-03-30 20:52:22,1686567,173400,37862,9038,7924,9466,7057,5611
2,focus,2026-03-30 20:52:23,494195,31991,8762,1619,3681,3769,2092,849
2,focus,2026-03-30 20:52:24,558706,19449,9915,6491,6941,5798,8048,4965
2,focus,2026-03-30 20:52:25,1188798,194382,50486,21401,21328,33747,25529,9231
2,focus,2026-03-30 20:52:26,385676,81897,29369,5364,7119,8773,13607,2648
2,focus,2026-03-30 20:52:27,862902,47864,85684,6830,9208,5669,8423,2550
2,focus,2026-03-30 20:52:28,228848,151635,22180,10273,10986,8593,10272,5837
2,focus,2026-03-30 20:52:29,108822,88084,5850,2250,6159,8320,7503,3205
2,focus,2026-03-30 20:52:30,1175982,112958,18629,6841,13925,6716,10115,7475
2,focus,2026-03-30 20:52:31,490734,13470,14351,9068,5676,3789,4018,410
2,focus,2026-03-30 20:52:32,168621,89060,16077,2984,1555,4937,7324,5132
2,focus,2026-03-30 20:52:33,213312,13706,12063,4013,7620,10108,4050,3296
2,focus,2026-03-30 20:52:34,869368,16409,38999,10337,9146,10714,11305,3323
2,focus,2026-03-30 20:52:35,199411,27773,4210,5929,841,1920,1390,856
2,focus,2026-03-30 20:52:36,890759,66995,11540,16315,2251,9627,16632,1621
2,focus,2026-03-30 20:52:37,1892198,83337,38928,28156,11386,12759,7560,8948
2,focus,2026-03-30 20:52:38,536836,741076,101922,35531,34773,21590,56264,12226
2,focus,2026-03-30 20:52:39,21928,24862,2289,6554,976,4012,2417,842
2,focus,2026-03-30 20:52:40,590385,45373,21004,5501,11211,8655,5087,3428
2,focus,2026-03-30 20:52:41,850036,40058,15394,8753,8941,7976,4857,6286
2,focus,2026-03-30 20:52:42,194415,29637,7313,17734,7108,7376,5922,3584
2,focus,2026-03-30 20:52:43,661344,9962,6258,2142,2835,1592,1598,879
2,focus,2026-03-30 20:52:44,1690252,135813,63071,24715,14090,42865,37468,28946
2,focus,2026-03-30 20:52:45,1905634,209550,13415,51627,20472,17766,15689,22796
2,focus,2026-03-30 20:52:46,1822879,553192,227527,37816,27740,32539,11296,36465
2,focus,2026-03-30 20:52:47,1162367,80623,31230,21847,8100,8047,9699,5397
2,focus,2026-03-30 20:52:48,706662,81695,1302,7405,6383,4385,4385,3074
2,focus,2026-03-30 20:52:49,1320438,997696,136301,18171,37052,46467,90467,26026
2,focus,2026-03-30 20:52:50,1109732,179525,6884,30047,11655,39538,48123,10842
2,focus,2026-03-30 20:52:51,127619,19096,7082,994,2962,4101,2142,2626
2,focus,2026-03-30 20:52:52,2703276,417299,149545,42152,40862,47445,57639,9543
2,focus,2026-03-30 20:52:53,476226,45290,6881,1915,3888,4312,4225,1584
2,focus,2026-03-30 20:52:54,905162,168104,132160,97619,53170,40633,58200,6219
2,focus,2026-03-30 20:52:55,35097,20014,10878,1350,2085,1360,3646,668
2,focus,2026-03-30 20:52:56,605808,137448,56562,26634,15869,46869,26708,29290
2,focus,2026-03-30 20:52:57,1395729,1163982,123671,27729,38251,32801,39688,22500
2,focus,2026-03-30 20:52:58,39029,37575,18268,3198,2220,3282,2981,750
2,focus,2026-03-30 20:52:59,1181659,278083,5963,7215,12911,13154,7881,6569
2,focus,2026-03-30 20:53:00,90646,42628,14611,7171,4372,2716,1673,1517
2,focus,2026-03-30 20:53:01,281429,61944,7337,17382,13054,13952,9338,5674
2,focus,2026-03-30 20:53:02,1599129,463911,75673,34325,42443,53989,17957,25847
2,focus,2026-03-30 20:53:03,610531,227574,38524,3048,5066,16188,7510,4531
2,focus,2026-03-30 20:53:04,1976624,552206,184817,103796,26812,52656,72994,17827
2,focus,2026-03-30 20:53:05,693580,41104,137801,36739,44693,25399,39128,12319
2,focus,2026-03-30 20:53:06,2297256,505474,169427,172834,78687,38690,86567,15405
2,focus,2026-03-30 20:53:07,840450,56459,27704,14228,8793,7664,6504,4005
2,focus,2026-03-30 20:53:08,208358,66180,18218,13259,6560,11007,6912,5109
2,focus,2026-03-30 20:53:09,1067541,116432,19663,22980,13407,9460,12684,2297
2,focus,2026-03-30 20:53:10,2127994,359997,52211,45008,19529,39878,80186,24848
2,focus,2026-03-30 20:53:11,1007791,239466,86189,79787,12097,35411,25757,16042
2,focus,2026-03-30 20:53:12,172483,25922,3623,2143,1679,2739,1796,1383
2,focus,2026-03-30 20:53:13,69799,11918,1387,7790,2646,3337,3025,1631
2,focus,2026-03-30 20:53:14,337919,221688,11513,5800,7772,13094,6615,8340
2,focus,2026-03-30 20:53:15,16787,49826,5055,756,1421,2456,1315,1184
2,focus,2026-03-30 20:53:16,438815,54181,5559,1698,6198,13202,4409,3325
2,focus,2026-03-30 20:53:17,1837365,202928,29534,21305,6447,16432,4291,3805
2,focus,2026-03-30 20:53:18,880963,56059,17522,14070,1733,5850,11622,1946
2,focus,2026-03-30 20:53:19,170864,47027,30491,2630,6862,11590,7716,5940
2,focus,2026-03-30 20:53:20,246336,26174,1934,1273,1171,1934,3209,1637
2,focus,2026-03-30 20:53:21,881606,77784,14652,12287,3235,15894,12878,9292
2,focus,2026-03-30 20:53:22,91231,64917,5884,2138,1148,2505,1444,1379
2,focus,2026-03-30 20:53:23,100339,17129,8759,2568,3387,2630,1664,993
2,focus,2026-03-30 20:53:24,1224472,75412,4613,13822,3460,12556,16450,4002
2,focus,2026-03-30 20:53:25,2053923,795092,124472,81077,23137,40550,31891,12274
2,focus,2026-03-30 20:53:26,122069,11060,2541,940,783,1725,2820,2219
2,focus,2026-03-30 20:53:27,331449,8479,34817,7098,1040,3766,3199,1730
2,focus,2026-03-30 20:53:28,497907,209201,85110,27116,26397,30813,23302,38018
2,focus,2026-03-30 20:53:29,1069849,181585,306528,83257,20195,30330,26973,24170
2,focus,2026-03-30 20:53:30,878998,34275,54505,13800,12852,13466,5142,7732
2,focus,2026-03-30 20:53:31,550404,439029,14938,36998,87657,47884,21613,24460
2,focus,2026-03-30 20:53:32,124420,68626,20717,5764,6498,11184,8807,2071
2,focus,2026-03-30 20:53:33,148858,230973,80516,23541,10132,10696,8685,10794
2,focus,2026-03-30 20:53:34,199567,248154,178316,68803,18902,51633,25123,9395
2,focus,2026-03-30 20:53:35,868580,443215,188013,25619,13372,24111,25571,18641
2,focus,2026-03-30 20:53:36,2888770,149811,124250,165892,36537,80773,39772,29396
2,focus,2026-03-30 20:53:37,1377668,1067500,120807,27209,32238,51379,36989,13543
2,focus,2026-03-30 20:53:38,1091514,100102,22834,10424,4317,11951,13153,8346
2,focus,2026-03-30 20:53:39,2150145,419480,46512,74808,75875,69571,33437,66963
2,focus,2026-03-30 20:53:40,1942014,133131,17591,141357,19826,69936,36108,10227
